{
	"textItems": {
		"THE_ANSWER_IS": "Het antwoord is",
		"CORRECT": "GOED",
		"WRONG": "FOUT",
		"NEW_INFORMATION": "Je krijgt nieuwe informatie over het eindpunt.",
		"NEXT": "Volgende",
		"GO_TO_BUILDING": "Ga nu naar",
		"PUSH_BUTTON": "Druk op de knop hieronder als je <b>binnen</b> bent.",
		"PUSH_TOO_EARLY": "Eerder drukken levert strafpunten op!",
		"WE_ARE_INSIDE": "We zijn er!",
		"LOCATION_WILL_BE_CHECKED": "De opgegeven locatie zal worden gecontroleerd.<br/>Ga weer naar buiten.",
		"FOUND_COORDINATES": "We hebben de volgende coordinaten doorgekregen",
		"DISTANCE_TO_EXPECTED POINT": "De afstand tot het verwachte punt bedraagt",
		"NO_LOCATION_FOUND": "Er is geen locatie gevonden. Zorg ervoor dat de GPS sensor aanstaat.",
		"GAME_OVER": "Dit was de laatste vraag, het spel is afgelopen. Hartelijk dank voor het meedoen!",
		"CLICK_TO_CLOSE": "Klik hier om af te sluiten"
	},
    "1": {
        "type": "multipleChoice",
        "question": "Welke kerk staat op deze foto?",
        "image": "images/grote-kerk.jpg",
        "_TODO": "this image should be loaded from the SD card",
        "answers": {
            "A": "Grote Kerk",
            "B": "Oude Kerk",
            "C": "St. Anne Kerk",
            "D": "Antoniuskerk"
        },
        "correctAnswer": "A",
        "explanation": "De Grote Kerk staat op de Oude Markt, het hart van het uitgaansleven in Enschede.",
        "reward": {
        	"type": "coordinateDigit",
        	"latOrLon": "latitude",
        	"position": "3",
        	"digit": "6"
    	}
    },
    "2": {
        "type": "enterBuilding",
        "building": "de Grote Kerk",
        "image": "images/grote-kerk.jpg",
        "_TODO": "this image should be loaded from the SD card",
        "latitude": "52.220556",
        "longitude": "6.895556",
        "reward": {
        	"type": "coordinateDigit",
        	"latOrLon": "latitude",
        	"position": "3",
        	"digit": "6"
    	}
    },
    "3": {
        "type": "multipleChoice",
        "question": "Welke bar zie je niet?",
        "image": "images/grote-kerk.jpg",
        "_TODO": "this image should be loaded from the SD card",
        "answers": {
            "A": "Paddy's",
            "B": "Molly Malone's",
            "C": "Aspen Valley",
            "D": "Vestingbar"
        },
        "correctAnswer": "D",
        "explanation": "De Vestingbar bevindt zich in de Bastille op de Campus.",
        "reward": {
        	"type": "coordinateDigit",
        	"latOrLon": "latitude",
        	"position": "3",
        	"digit": "6"
    	}
    }
}
