{
    "1": {
        "infoText": "Om mee te doen aan dit spel, hebben wij jouw goedkeuring nodig voor het opnemen van het GPS signaal.<br\/> Deze informatie zal ook gebruikt worden in een onderzoek naar GPS analyse aan de UT.<br\/> Hierbij zullen geen gegevens worden doorgegeven waaruit te achterhalen is van wie welk signaal is.",
        "buttonText": "Ik stem toe"
    },
    "2": {
        "infoText": "Je kunt nu beginnen aan het spel.<br/> Eerst krijgen jullie een aantal vragen, waarbij je de stad leert kennen. Elk goed antwoord levert informatie op over het eindpunt.",
        "buttonText": "Lees verder..."
    },
    "3": {
        "infoText": "Om dit spel te winnen, moet je het hoogste aantal <b>goede antwoorden</b> hebben. Daarnaast moet je <b>geen strafpunten</b> oplopen. Bij een gelijk aantal punten, telt de <b>snelste tijd</b>.",
        "buttonText": "Naar de eerste vraag"
    }
}